A1,A2,B1,B2,B3,B4,NA,NC,SP,LM
-0.280631,-0.280631,-0.276263,-0.276263,-0.276263,-0.276263,-0.235363,+0.000000,-0.066286,+0.000000
-0.280631,-0.280631,-0.276263,-0.276263,-0.276263,-0.276263,-0.235363,+0.000000,-0.025955,+0.000000
-0.276263,-0.276263,-0.333566,-0.333566,-0.333566,-0.333566,-0.280648,-0.007868,+0.000000,-0.129326
-0.276263,-0.276263,-0.333566,-0.333566,-0.333566,-0.333566,-0.280648,-0.045268,+0.000000,-0.116091
-0.276263,-0.276263,-0.333566,-0.333566,-0.333566,-0.333566,-0.280648,-0.026815,+0.000000,-0.092712
-0.276263,-0.276263,-0.333566,-0.333566,-0.333566,-0.333566,-0.280648,+0.000000,+0.000000,+0.000000
-0.235363,-0.235363,-0.280648,-0.280648,-0.280648,-0.280648,-0.255994,-0.007067,+0.000000,-0.083489
+0.000000,+0.000000,-0.007868,-0.045268,-0.026815,+0.000000,-0.007067,+0.000000,+0.000000,+0.000000
-0.066286,-0.025955,+0.000000,+0.000000,+0.000000,+0.000000,+0.000000,+0.000000,+0.000000,+0.000000
+0.000000,+0.000000,-0.129326,-0.116091,-0.092712,+0.000000,-0.083489,+0.000000,+0.000000,+0.000000
